Hamster,Sandwich
0.00021135429,0.9997887
0.996861,0.0031390633
0.9897222,0.010277799
0.99119425,0.008805729
0.0016004492,0.99839956
